video_name,frame_idx,action,action_id
video_0153.mp4,2,Constant Speed,0
video_0153.mp4,3,Constant Speed,0
video_0153.mp4,4,Constant Speed,0
video_0153.mp4,5,Constant Speed,0
video_0153.mp4,6,Constant Speed,0
video_0153.mp4,7,Constant Speed,0
video_0153.mp4,8,Constant Speed,0
video_0153.mp4,9,Constant Speed,0
video_0153.mp4,10,Constant Speed,0
video_0153.mp4,11,Constant Speed,0
video_0153.mp4,12,Constant Speed,0
video_0153.mp4,13,Constant Speed,0
video_0153.mp4,14,Constant Speed,0
video_0153.mp4,15,Constant Speed,0
video_0153.mp4,16,Constant Speed,0
video_0153.mp4,17,Constant Speed,0
video_0153.mp4,18,Constant Speed,0
video_0153.mp4,19,Constant Speed,0
video_0153.mp4,20,Constant Speed,0
video_0153.mp4,21,Constant Speed,0
video_0153.mp4,22,Constant Speed,0
video_0153.mp4,23,Constant Speed,0
video_0153.mp4,24,Constant Speed,0
video_0153.mp4,25,Constant Speed,0
video_0153.mp4,26,Constant Speed,0
video_0153.mp4,27,Constant Speed,0
video_0153.mp4,28,Constant Speed,0
video_0153.mp4,29,Constant Speed,0
video_0153.mp4,30,Constant Speed,0
video_0153.mp4,31,Constant Speed,0
video_0153.mp4,32,Constant Speed,0
video_0153.mp4,33,Constant Speed,0
video_0153.mp4,34,Constant Speed,0
video_0153.mp4,35,Constant Speed,0
video_0153.mp4,36,Constant Speed,0
video_0153.mp4,37,Constant Speed,0
video_0153.mp4,38,Constant Speed,0
video_0153.mp4,39,Constant Speed,0
video_0153.mp4,40,Constant Speed,0
video_0153.mp4,41,Constant Speed,0
video_0153.mp4,42,Constant Speed,0
video_0153.mp4,43,Constant Speed,0
video_0153.mp4,44,Constant Speed,0
video_0153.mp4,45,Constant Speed,0
video_0153.mp4,46,Constant Speed,0
video_0153.mp4,47,Constant Speed,0
video_0153.mp4,48,Constant Speed,0
video_0153.mp4,49,Constant Speed,0
video_0153.mp4,50,Constant Speed,0
video_0153.mp4,51,Constant Speed,0
video_0153.mp4,52,Constant Speed,0
video_0153.mp4,53,Constant Speed,0
video_0153.mp4,54,Constant Speed,0
video_0153.mp4,55,Constant Speed,0
video_0153.mp4,56,Constant Speed,0
video_0153.mp4,57,Constant Speed,0
video_0153.mp4,58,Constant Speed,0
video_0153.mp4,59,Constant Speed,0
video_0153.mp4,60,Constant Speed,0
video_0153.mp4,61,Constant Speed,0
video_0153.mp4,62,Constant Speed,0
video_0153.mp4,63,Constant Speed,0
video_0153.mp4,64,Constant Speed,0
video_0153.mp4,65,Constant Speed,0
video_0153.mp4,66,Constant Speed,0
video_0153.mp4,67,Constant Speed,0
video_0153.mp4,68,Constant Speed,0
video_0153.mp4,69,Constant Speed,0
video_0153.mp4,70,Constant Speed,0
video_0153.mp4,71,Constant Speed,0
video_0153.mp4,72,Constant Speed,0
video_0153.mp4,73,Constant Speed,0
video_0153.mp4,74,Constant Speed,0
video_0153.mp4,75,Constant Speed,0
video_0153.mp4,76,Constant Speed,0
video_0153.mp4,77,Constant Speed,0
video_0153.mp4,78,Constant Speed,0
video_0153.mp4,79,Constant Speed,0
video_0153.mp4,80,Constant Speed,0
video_0153.mp4,81,Constant Speed,0
video_0153.mp4,82,Constant Speed,0
video_0153.mp4,83,Constant Speed,0
video_0153.mp4,84,Constant Speed,0
video_0153.mp4,85,Constant Speed,0
video_0153.mp4,86,Constant Speed,0
video_0153.mp4,87,Constant Speed,0
video_0153.mp4,88,Constant Speed,0
video_0153.mp4,89,Constant Speed,0
video_0153.mp4,90,Constant Speed,0
video_0153.mp4,91,Constant Speed,0
video_0153.mp4,92,Constant Speed,0
video_0153.mp4,93,Constant Speed,0
video_0153.mp4,94,Constant Speed,0
video_0153.mp4,95,Constant Speed,0
video_0153.mp4,96,Constant Speed,0
video_0153.mp4,97,Constant Speed,0
video_0153.mp4,98,Constant Speed,0
video_0153.mp4,99,Constant Speed,0
video_0153.mp4,100,Constant Speed,0
video_0153.mp4,101,Constant Speed,0
video_0153.mp4,102,Constant Speed,0
video_0153.mp4,103,Constant Speed,0
video_0153.mp4,104,Constant Speed,0
video_0153.mp4,105,Constant Speed,0
video_0153.mp4,106,Constant Speed,0
video_0153.mp4,107,Constant Speed,0
video_0153.mp4,108,Constant Speed,0
video_0153.mp4,109,Constant Speed,0
video_0153.mp4,110,Constant Speed,0
video_0153.mp4,111,Constant Speed,0
video_0153.mp4,112,Constant Speed,0
video_0153.mp4,113,Constant Speed,0
video_0153.mp4,114,Constant Speed,0
video_0153.mp4,115,Constant Speed,0
video_0153.mp4,116,Constant Speed,0
video_0153.mp4,117,Constant Speed,0
video_0153.mp4,118,Constant Speed,0
video_0153.mp4,119,Constant Speed,0
video_0153.mp4,120,Constant Speed,0
video_0153.mp4,121,Constant Speed,0
video_0153.mp4,122,Constant Speed,0
video_0153.mp4,123,Constant Speed,0
video_0153.mp4,124,Constant Speed,0
video_0153.mp4,125,Constant Speed,0
video_0153.mp4,126,Constant Speed,0
video_0153.mp4,127,Constant Speed,0
video_0153.mp4,128,Constant Speed,0
video_0153.mp4,129,Constant Speed,0
video_0153.mp4,130,Constant Speed,0
video_0153.mp4,131,Constant Speed,0
video_0153.mp4,132,Constant Speed,0
video_0153.mp4,133,Constant Speed,0
video_0153.mp4,134,Constant Speed,0
video_0153.mp4,135,Constant Speed,0
video_0153.mp4,136,Constant Speed,0
video_0153.mp4,137,Constant Speed,0
video_0153.mp4,138,Constant Speed,0
video_0153.mp4,139,Constant Speed,0
video_0153.mp4,140,Constant Speed,0
video_0153.mp4,141,Constant Speed,0
video_0153.mp4,142,Constant Speed,0
video_0153.mp4,143,Constant Speed,0
video_0153.mp4,144,Constant Speed,0
video_0153.mp4,145,Constant Speed,0
video_0153.mp4,146,Constant Speed,0
video_0153.mp4,147,Constant Speed,0
video_0153.mp4,148,Constant Speed,0
video_0153.mp4,149,Constant Speed,0
video_0153.mp4,150,Constant Speed,0
video_0153.mp4,151,Constant Speed,0
video_0153.mp4,152,Constant Speed,0
video_0153.mp4,153,Constant Speed,0
video_0153.mp4,154,Constant Speed,0
video_0153.mp4,155,Constant Speed,0
video_0153.mp4,156,Constant Speed,0
video_0153.mp4,157,Constant Speed,0
video_0153.mp4,158,Constant Speed,0
video_0153.mp4,159,Constant Speed,0
video_0153.mp4,160,Constant Speed,0
